{"cameraMode":{"drawMode":0,"name":"Shaded","section":"Shading Mode"},"sceneLighting":true,"audioPlay":false,"sceneViewState":{"showFog":true,"showMaterialUpdate":false,"showSkybox":true,"showFlares":true,"showImageEffects":true,"showParticleSystems":true},"in2DMode":false,"pivot":{"x":2.74533748626709,"y":4.551255702972412,"z":11.275274276733399},"rotation":{"x":0.28380095958709719,"y":-0.30986666679382326,"z":0.0975862368941307,"w":0.9021732807159424},"size":94.02867126464844,"orthographic":false}